zip,tier,score,rank,town,state
11957,Peak,100.00,1,,
11975,Peak,99.92,2,,
08247,Peak,99.84,3,Stone Harbor,NJ
10462,Peak,99.75,4,,
08270,Peak,99.67,5,,
19137,Peak,99.59,6,,
08008,Peak,99.51,7,Beach Haven,NJ
11935,Peak,99.42,8,,
19150,Peak,99.34,9,,
19153,Peak,99.26,10,,
19135,Peak,99.18,11,,
11939,Peak,99.09,12,,
19126,Peak,99.01,13,,
11977,Peak,98.93,14,Westhampton Beach Village,NY
08202,Peak,98.85,15,Avalon,NJ
08243,Peak,98.76,16,Sea Isle City,NJ
11971,Peak,98.68,17,Southold Town,NY
11964,Peak,98.60,18,,
08251,Peak,98.52,19,,
11965,Peak,98.43,20,,
08226,Peak,98.35,21,Ocean City,NJ
19142,Peak,98.27,22,,
10452,Peak,98.19,23,,
19032,Peak,98.10,24,,
19079,Peak,98.02,25,,
08757,Peak,97.94,26,Toms River Township,NJ
11960,Peak,97.86,27,,
08087,Peak,97.77,28,Tuckerton,NJ
19139,Peak,97.69,29,,
19141,Peak,97.61,30,,
11944,Peak,97.53,31,Greenport Town,NY
19435,Peak,97.44,32,,
08210,Peak,97.36,33,,
11509,Peak,97.28,34,Atlantic Beach,NY
08204,Peak,97.20,35,Cape May,NJ
08103,Peak,97.11,36,,
08752,Peak,97.03,37,Seaside Park,NJ
08759,Peak,96.95,38,Manchester Township,NJ
07439,Peak,96.87,39,Ogdensburg,NJ
08102,Peak,96.78,40,,
11962,Peak,96.70,41,,
08609,Peak,96.62,42,Trenton,NJ
19022,Peak,96.54,43,,
08203,Peak,96.46,44,Brigantine,NJ
07711,Peak,96.37,45,Allenhurst,NJ
19604,Peak,96.29,46,,
19134,Peak,96.21,47,,
19029,Peak,96.13,48,,
19138,Peak,96.04,49,,
11959,Peak,95.96,50,Quogue Village,NY
08006,Peak,95.88,51,Barnegat Light,NJ
19023,Peak,95.80,52,Darby Township,PA
08105,Peak,95.71,53,,
19120,Peak,95.63,54,,
10303,Peak,95.55,55,,
19036,Peak,95.47,56,,
08248,Peak,95.38,57,,
07827,Peak,95.30,58,,
11954,Peak,95.22,59,,
07734,Peak,95.14,60,Keansburg,NJ
07114,Peak,95.05,61,Newark,NJ
07826,Peak,94.97,62,,
07111,Peak,94.89,63,Irvington,NJ
07462,Peak,94.81,64,Vernon Township,NJ
08403,Peak,94.72,65,Longport,NJ
07419,Peak,94.64,66,Hamburg,NJ
11373,Peak,94.56,67,,
10931,Peak,94.48,68,,
07421,Peak,94.39,69,,
08212,Peak,94.31,70,Cape May Point,NJ
11976,Peak,94.23,71,,
08223,Peak,94.15,72,,
11367,Peak,94.06,73,,
07461,Peak,93.98,74,,
08735,Peak,93.90,75,Lavallette,NJ
07717,Peak,93.82,76,Avon-by-the-Sea,NJ
07103,Peak,93.73,77,Newark,NJ
19124,Peak,93.65,78,,
11958,Peak,93.57,79,,
11942,Peak,93.49,80,,
07843,Peak,93.40,81,Hopatcong,NJ
19131,Peak,93.32,82,,
11368,Peak,93.24,83,,
11722,Peak,93.16,84,,
19133,Peak,93.08,85,,
08230,Peak,92.99,86,,
08242,Peak,92.91,87,,
11978,Peak,92.83,88,Westhampton Beach Village,NY
10537,Peak,92.75,89,,
10596,Peak,92.66,90,,
07088,Peak,92.58,91,,
10456,Peak,92.50,92,,
08740,Peak,92.42,93,Ocean Gate,NJ
11952,Peak,92.33,94,,
10460,Peak,92.25,95,,
07416,Peak,92.17,96,Franklin,NJ
11930,Peak,92.09,97,,
19140,Peak,92.00,98,,
08232,Peak,91.92,99,Pleasantville,NJ
19132,Peak,91.84,100,,
08104,Peak,91.76,101,,
10040,Peak,91.67,102,New York,NY
10302,Peak,91.59,103,,
11726,Peak,91.51,104,,
07422,Peak,91.43,105,,
19143,Peak,91.34,106,,
11948,Peak,91.26,107,,
11963,Peak,91.18,108,Sag Harbor Village,NY
08722,Peak,91.10,109,Beachwood,NJ
19082,Peak,91.01,110,,
08901,Peak,90.93,111,New Brunswick,NJ
07723,Peak,90.85,112,Deal,NJ
19151,Peak,90.77,113,,
08751,Peak,90.68,114,Seaside Heights,NJ
08611,Peak,90.60,115,Trenton,NJ
11692,Peak,90.52,116,,
10467,Peak,90.44,117,,
11778,Peak,90.35,118,,
07522,Peak,90.27,119,Paterson,NJ
11950,Peak,90.19,120,,
07848,Peak,90.11,121,,
10468,Peak,90.02,122,,
10037,Momentum,89.94,123,New York,NY
10553,Momentum,89.86,124,Mount Vernon,NY
08005,Momentum,89.78,125,Barnegat Township,NJ
08826,Momentum,89.69,126,,
10455,Momentum,89.61,127,,
11224,Momentum,89.53,128,,
08731,Momentum,89.45,129,,
10459,Momentum,89.37,130,,
19121,Momentum,89.28,131,,
19136,Momentum,89.20,132,,
11569,Momentum,89.12,133,,
11770,Momentum,89.04,134,Ocean Beach Village,NY
08739,Momentum,88.95,135,,
08738,Momentum,88.87,136,Mantoloking,NJ
08323,Momentum,88.79,137,,
11937,Momentum,88.71,138,,
10034,Momentum,88.62,139,New York,NY
11933,Momentum,88.54,140,,
10032,Momentum,88.46,141,New York,NY
08079,Momentum,88.38,142,Salem,NJ
07480,Momentum,88.29,143,West Milford Township,NJ
10509,Momentum,88.21,144,Brewster,NY
10458,Momentum,88.13,145,,
08733,Momentum,88.05,146,Lakehurst,NJ
11789,Momentum,87.96,147,,
07460,Momentum,87.88,148,,
11370,Momentum,87.80,149,,
07720,Momentum,87.72,150,Bradley Beach,NJ
11436,Momentum,87.63,151,,
08069,Momentum,87.55,152,Penns Grove,NJ
07822,Momentum,87.47,153,,
08872,Momentum,87.39,154,Sayreville,NJ
10457,Momentum,87.30,155,,
19074,Momentum,87.22,156,,
07874,Momentum,87.14,157,Stanhope,NJ
08721,Momentum,87.06,158,,
11414,Momentum,86.97,159,,
08092,Momentum,86.89,160,,
11354,Momentum,86.81,161,,
11372,Momentum,86.73,162,,
10511,Momentum,86.64,163,Buchanan Village,NY
08063,Momentum,86.56,164,National Park,NJ
07093,Momentum,86.48,165,West New York,NJ
10546,Momentum,86.40,166,,
10310,Momentum,86.31,167,,
11369,Momentum,86.23,168,,
08758,Momentum,86.15,169,,
08110,Momentum,86.07,170,Pennsauken Township,NJ
11790,Momentum,85.99,171,,
10917,Momentum,85.90,172,,
07524,Momentum,85.82,173,Paterson,NJ
07860,Momentum,85.74,174,Newton,NJ
08804,Momentum,85.66,175,,
11103,Momentum,85.57,176,,
08835,Momentum,85.49,177,Manville,NJ
08701,Momentum,85.41,178,Lakewood Township,NJ
07514,Momentum,85.33,179,Paterson,NJ
07865,Momentum,85.24,180,,
10033,Momentum,85.16,181,New York,NY
11412,Momentum,85.08,182,,
11967,Momentum,85.00,183,,
08321,Momentum,84.91,184,,
10466,Momentum,84.83,185,,
10451,Momentum,84.75,186,,
07803,Momentum,84.67,187,Mine Hill Township,NJ
07756,Momentum,84.58,188,,
11968,Momentum,84.50,189,Southampton Town,NY
07501,Momentum,84.42,190,Paterson,NJ
08402,Momentum,84.34,191,Margate City,NJ
08066,Momentum,84.25,192,Paulsboro,NJ
07801,Momentum,84.17,193,Dover,NJ
19094,Momentum,84.09,194,,
07735,Momentum,84.01,195,Keyport,NJ
11433,Momentum,83.92,196,,
19481,Momentum,83.84,197,,
08050,Momentum,83.76,198,,
11961,Momentum,83.68,199,,
19144,Momentum,83.59,200,,
07857,Momentum,83.51,201,Netcong,NJ
11798,Momentum,83.43,202,,
08345,Momentum,83.35,203,,
10470,Momentum,83.26,204,,
08736,Momentum,83.18,205,Manasquan,NJ
19013,Momentum,83.10,206,Chester,PA
07856,Momentum,83.02,207,Mount Arlington,NJ
08848,Momentum,82.93,208,,
10512,Momentum,82.85,209,Carmel Town,NY
07205,Momentum,82.77,210,Hillside Township,NJ
11415,Momentum,82.69,211,,
08406,Momentum,82.61,212,Ventnor City,NJ
08629,Momentum,82.52,213,Trenton,NJ
11752,Momentum,82.44,214,,
11221,Momentum,82.36,215,,
11219,Momentum,82.28,216,,
07821,Momentum,82.19,217,Andover Township,NJ
10524,Momentum,82.11,218,Harrison Town,NY
10473,Momentum,82.03,219,,
11784,Momentum,81.95,220,,
07849,Momentum,81.86,221,,
10925,Momentum,81.78,222,Greenwood Lake Village,NY
07080,Momentum,81.70,223,South Plainfield,NJ
08880,Momentum,81.62,224,South Bound Brook,NJ
11435,Momentum,81.53,225,,
19149,Momentum,81.45,226,,
07850,Momentum,81.37,227,,
19602,Momentum,81.29,228,,
08829,Momentum,81.20,229,High Bridge,NJ
11932,Momentum,81.12,230,,
07062,Momentum,81.04,231,Plainfield,NJ
10579,Momentum,80.96,232,,
11782,Momentum,80.87,233,,
08861,Momentum,80.79,234,Perth Amboy,NJ
08559,Momentum,80.71,235,,
07026,Momentum,80.63,236,Garfield,NJ
19453,Momentum,80.54,237,,
07074,Momentum,80.46,238,Moonachie,NJ
10472,Momentum,80.38,239,,
11416,Momentum,80.30,240,,
07112,Momentum,80.21,241,Newark,NJ
10031,Momentum,80.13,242,New York,NY
08067,Momentum,80.05,243,,
11207,Momentum,79.97,244,,
07871,Momentum,79.88,245,Sparta Township,NJ
07435,Momentum,79.80,246,,
10993,Momentum,79.72,247,,
11213,Momentum,79.64,248,,
07063,Momentum,79.55,249,Plainfield,NJ
07465,Momentum,79.47,250,Wanaque,NJ
08828,Momentum,79.39,251,Helmetta,NJ
08260,Momentum,79.31,252,Wildwood,NJ
10552,Momentum,79.23,253,Mount Vernon,NY
10988,Momentum,79.14,254,,
07930,Momentum,79.06,255,Chester,NJ
11413,Momentum,78.98,256,,
07064,Momentum,78.90,257,,
07457,Momentum,78.81,258,Riverdale,NJ
11235,Momentum,78.73,259,,
11366,Momentum,78.65,260,,
08014,Momentum,78.57,261,,
11421,Momentum,78.48,262,,
10526,Momentum,78.40,263,,
08723,Momentum,78.32,264,Brick Township,NJ
07438,Momentum,78.24,265,Park Ridge,NJ
11236,Momentum,78.15,266,,
10465,Momentum,78.07,267,,
07014,Momentum,77.99,268,Clifton,NJ
07750,Momentum,77.91,269,Monmouth Beach,NJ
10589,Momentum,77.82,270,,
08823,Momentum,77.74,271,,
07885,Momentum,77.66,272,Wharton,NJ
07660,Momentum,77.58,273,Ridgefield Park,NJ
11575,Momentum,77.49,274,,
11757,Momentum,77.41,275,,
19405,Momentum,77.33,276,,
11360,Momentum,77.25,277,,
11417,Momentum,77.16,278,,
11520,Momentum,77.08,279,Freeport Village,NY
08750,Momentum,77.00,280,Sea Girt,NJ
07601,Momentum,76.92,281,Hackensack,NJ
10704,Momentum,76.83,282,Yonkers,NY
08882,Momentum,76.75,283,South River,NJ
10548,Momentum,76.67,284,Monroe Village,NY
07050,Momentum,76.59,285,,
07418,Momentum,76.50,286,Englewood,NJ
08015,Momentum,76.42,287,,
10597,Momentum,76.34,288,,
11703,Momentum,76.26,289,,
11374,Momentum,76.17,290,,
10567,Momentum,76.09,291,,
10576,Momentum,76.01,292,Pound Ridge Town,NY
08401,Momentum,75.93,293,Atlantic City,NJ
08330,Momentum,75.85,294,,
10701,Momentum,75.76,295,Yonkers,NY
19033,Momentum,75.68,296,,
11225,Momentum,75.60,297,,
07106,Momentum,75.52,298,Newark,NJ
11719,Momentum,75.43,299,,
07304,Momentum,75.35,300,Jersey City,NJ
11362,Momentum,75.27,301,,
10527,Momentum,75.19,302,,
10305,Momentum,75.10,303,,
08070,Momentum,75.02,304,Pennsville Township,NJ
08831,Emerging,74.94,305,,
11953,Emerging,74.86,306,,
11946,Emerging,74.77,307,,
19530,Emerging,74.69,308,,
08030,Emerging,74.61,309,Gloucester City,NJ
07035,Emerging,74.53,310,Lincoln Park,NJ
11715,Emerging,74.44,311,,
07513,Emerging,74.36,312,Paterson,NJ
08049,Emerging,74.28,313,Magnolia,NJ
10703,Emerging,74.20,314,Yonkers,NY
11377,Emerging,74.11,315,,
11749,Emerging,74.03,316,,
07420,Emerging,73.95,317,,
11364,Emerging,73.87,318,,
11972,Emerging,73.78,319,,
11102,Emerging,73.70,320,,
08812,Emerging,73.62,321,Dunellen,NJ
19078,Emerging,73.54,322,Ridley Park,PA
11212,Emerging,73.45,323,,
11717,Emerging,73.37,324,,
08887,Emerging,73.29,325,,
11691,Emerging,73.21,326,,
10516,Emerging,73.12,327,Cold Spring Village,NY
11106,Emerging,73.04,328,,
08555,Emerging,72.96,329,,
10805,Emerging,72.88,330,New Rochelle,NY
07018,Emerging,72.79,331,East Orange,NJ
11701,Emerging,72.71,332,Amityville Village,NY
10974,Emerging,72.63,333,,
10464,Emerging,72.55,334,,
11420,Emerging,72.46,335,,
07082,Emerging,72.38,336,,
11747,Emerging,72.30,337,,
08732,Emerging,72.22,338,Island Heights,NJ
07107,Emerging,72.14,339,Newark,NJ
19076,Emerging,72.05,340,,
08027,Emerging,71.97,341,,
08554,Emerging,71.89,342,,
07032,Emerging,71.81,343,Kearny,NJ
08801,Emerging,71.72,344,,
07832,Emerging,71.64,345,,
11751,Emerging,71.56,346,,
11229,Emerging,71.48,347,,
11233,Emerging,71.39,348,,
10976,Emerging,71.31,349,,
08093,Emerging,71.23,350,Westville,NJ
11901,Emerging,71.15,351,Riverhead Town,NY
08846,Emerging,71.06,352,Middlesex Borough,NJ
11518,Emerging,70.98,353,,
10469,Emerging,70.90,354,,
10541,Emerging,70.82,355,,
11232,Emerging,70.73,356,,
11729,Emerging,70.65,357,Deerpark Town,NY
07878,Emerging,70.57,358,,
11713,Emerging,70.49,359,,
11355,Emerging,70.40,360,,
11694,Emerging,70.32,361,,
11738,Emerging,70.24,362,Farmville,NY
08327,Emerging,70.16,363,,
11941,Emerging,70.07,364,,
08827,Emerging,69.99,365,,
08809,Emerging,69.91,366,Clinton,NJ
07033,Emerging,69.83,367,Kenilworth,NJ
07407,Emerging,69.74,368,Elmwood Park,NJ
07072,Emerging,69.66,369,Carlstadt,NJ
08869,Emerging,69.58,370,Raritan,NJ
07866,Emerging,69.50,371,Rockaway,NJ
07503,Emerging,69.41,372,Paterson,NJ
07108,Emerging,69.33,373,Newark,NJ
07102,Emerging,69.25,374,Newark,NJ
10301,Emerging,69.17,375,,
10920,Emerging,69.08,376,,
08825,Emerging,69.00,377,Frenchtown,NJ
08533,Emerging,68.92,378,,
08065,Emerging,68.84,379,Palmyra,NJ
11105,Emerging,68.76,380,,
08734,Emerging,68.67,381,,
11427,Emerging,68.59,382,,
11428,Emerging,68.51,383,,
10927,Emerging,68.43,384,,
11721,Emerging,68.34,385,,
07034,Emerging,68.26,386,,
10590,Emerging,68.18,387,,
10308,Emerging,68.10,388,,
11429,Emerging,68.01,389,,
10523,Emerging,67.93,390,Elmsford Village,NY
11419,Emerging,67.85,391,,
08328,Emerging,67.77,392,,
10471,Emerging,67.68,393,,
19104,Emerging,67.60,394,,
11411,Emerging,67.52,395,,
11422,Emerging,67.44,396,Rosendale Town,NY
08741,Emerging,67.35,397,Pine Beach,NJ
10533,Emerging,67.27,398,Irvington Village,NY
08525,Emerging,67.19,399,Hopewell Borough,NJ
11733,Emerging,67.11,400,,
07502,Emerging,67.02,401,Paterson,NJ
07737,Emerging,66.94,402,,
10461,Emerging,66.86,403,,
07732,Emerging,66.78,404,Highlands,NJ
11104,Emerging,66.69,405,,
10306,Emerging,66.61,406,,
11553,Emerging,66.53,407,,
11580,Emerging,66.45,408,,
07105,Emerging,66.36,409,Newark,NJ
08319,Emerging,66.28,410,,
08867,Emerging,66.20,411,,
07825,Emerging,66.12,412,Blairstown Township,NJ
11720,Emerging,66.03,413,,
07104,Emerging,65.95,414,Newark,NJ
08863,Emerging,65.87,415,,
07029,Emerging,65.79,416,Harrison,NJ
11378,Emerging,65.70,417,,
10566,Emerging,65.62,418,Peekskill,NY
07727,Emerging,65.54,419,,
11418,Emerging,65.46,420,,
08349,Emerging,65.38,421,,
07853,Emerging,65.29,422,,
11568,Emerging,65.21,423,Old Westbury Village,NY
07442,Emerging,65.13,424,Pompton Lakes,NJ
08205,Emerging,65.05,425,Absecon,NJ
08318,Emerging,64.96,426,Elmer,NJ
08311,Emerging,64.88,427,,
08802,Emerging,64.80,428,,
19365,Emerging,64.72,429,,
07641,Emerging,64.63,430,Haworth,NJ
07305,Emerging,64.55,431,Jersey City,NJ
07423,Emerging,64.47,432,Ho-Ho-Kus,NJ
07083,Emerging,64.39,433,Union Township,NJ
11742,Emerging,64.30,434,Shortsville Village,NY
10989,Emerging,64.22,435,,
07721,Emerging,64.14,436,,
08090,Emerging,64.06,437,Wenonah,NJ
11764,Emerging,63.97,438,,
19547,Emerging,63.89,439,,
08051,Emerging,63.81,440,Mantua Township,NJ
11361,Emerging,63.73,441,,
07031,Emerging,63.64,442,North Arlington,NJ
07847,Emerging,63.56,443,,
11718,Emerging,63.48,444,,
10504,Emerging,63.40,445,,
07852,Emerging,63.31,446,,
11426,Emerging,63.23,447,,
10547,Emerging,63.15,448,,
07403,Emerging,63.07,449,Bloomingdale,NJ
11763,Emerging,62.98,450,Bedford Town,NY
10980,Emerging,62.90,451,Stony Point Town,NY
19504,Emerging,62.82,452,,
07077,Emerging,62.74,453,,
11772,Emerging,62.65,454,,
08045,Emerging,62.57,455,Lawnside,NJ
11030,Emerging,62.49,456,,
07001,Emerging,62.41,457,,
07719,Emerging,62.32,458,Belmar,NJ
07017,Emerging,62.24,459,East Orange,NJ
08730,Emerging,62.16,460,Brielle,NJ
19529,Emerging,62.08,461,,
08344,Emerging,62.00,462,Newfield,NJ
07604,Emerging,61.91,463,Hasbrouck Heights,NJ
11769,Emerging,61.83,464,,
08083,Emerging,61.75,465,Somerdale,NJ
07506,Emerging,61.67,466,Hawthorne,NJ
11204,Emerging,61.58,467,,
11356,Emerging,61.50,468,,
07306,Emerging,61.42,469,Jersey City,NJ
08884,Emerging,61.34,470,Spotswood,NJ
08343,Emerging,61.25,471,,
11702,Emerging,61.17,472,,
19534,Emerging,61.09,473,,
10578,Emerging,61.01,474,,
07876,Emerging,60.92,475,,
07436,Emerging,60.84,476,Oakland,NJ
10598,Emerging,60.76,477,,
07663,Emerging,60.68,478,Saddle Brook Township,NJ
19350,Emerging,60.59,479,,
11768,Emerging,60.51,480,Northport Village,NY
08059,Emerging,60.43,481,Mount Ephraim,NJ
19374,Emerging,60.35,482,,
19014,Emerging,60.26,483,,
11706,Emerging,60.18,484,,
11792,Emerging,60.10,485,,
08310,Emerging,60.02,486,Buena,NJ
10463,Watch,59.93,487,,
10307,Watch,59.85,488,,
08001,Watch,59.77,489,Galloway Township,NJ
11220,Watch,59.69,490,,
08062,Watch,59.60,491,,
08551,Watch,59.52,492,,
07834,Watch,59.44,493,Denville Township,NJ
19009,Watch,59.36,494,,
07946,Watch,59.27,495,,
19043,Watch,59.19,496,,
07005,Watch,59.11,497,Boonton,NJ
07606,Watch,59.03,498,South Hackensack Township,NJ
08514,Watch,58.94,499,,
08078,Watch,58.86,500,Runnemede,NJ
10577,Watch,58.78,501,,
11234,Watch,58.70,502,,
07504,Watch,58.62,503,Paterson,NJ
07758,Watch,58.53,504,,
11003,Watch,58.45,505,,
07060,Watch,58.37,506,Plainfield,NJ
08558,Watch,58.29,507,,
19111,Watch,58.20,508,,
19601,Watch,58.12,509,,
07057,Watch,58.04,510,Wallington,NJ
10595,Watch,57.96,511,,
08850,Watch,57.87,512,Milltown,NJ
07456,Watch,57.79,513,Ringwood,NJ
10536,Watch,57.71,514,,
08094,Watch,57.63,515,,
10926,Watch,57.54,516,Harriman Village,NY
10453,Watch,57.46,517,,
08350,Watch,57.38,518,,
19015,Watch,57.30,519,,
07620,Watch,57.21,520,Alpine,NJ
07067,Watch,57.13,521,,
11565,Watch,57.05,522,Malverne Village,NY
08518,Watch,56.97,523,Florence Township,NJ
08530,Watch,56.88,524,Lambertville,NJ
10603,Watch,56.80,525,,
10973,Watch,56.72,526,,
08810,Watch,56.64,527,,
10502,Watch,56.55,528,Ardsley Village,NY
08086,Watch,56.47,529,,
08071,Watch,56.39,530,Pitman,NJ
08755,Watch,56.31,531,Toms River Township,NJ
11780,Watch,56.22,532,,
19050,Watch,56.14,533,Lansdowne,PA
10964,Watch,56.06,534,,
11203,Watch,55.98,535,,
10030,Watch,55.89,536,New York,NY
19390,Watch,55.81,537,,
07204,Watch,55.73,538,Roselle Park,NJ
10998,Watch,55.65,539,,
11739,Watch,55.56,540,,
11577,Watch,55.48,541,,
10921,Watch,55.40,542,Florida Village,NY
07201,Watch,55.32,543,Elizabeth,NJ
07446,Watch,55.23,544,Ramsey,NJ
07730,Watch,55.15,545,Hazlet Township,NJ
08109,Watch,55.07,546,Merchantville,NJ
10928,Watch,54.99,547,,
10506,Watch,54.91,548,Bedford Town,NY
10992,Watch,54.82,549,Washingtonville Village,NY
08542,Watch,54.74,550,Princeton,NJ
11934,Watch,54.66,551,,
07109,Watch,54.58,552,Belleville,NJ
07022,Watch,54.49,553,Fairview,NJ
07632,Watch,54.41,554,Englewood Cliffs,NJ
11581,Watch,54.33,555,,
11579,Watch,54.25,556,,
08805,Watch,54.16,557,Bound Brook,NJ
07760,Watch,54.08,558,Rumson,NJ
10550,Watch,54.00,559,Mount Vernon,NY
11214,Watch,53.92,560,,
07024,Watch,53.83,561,Fort Lee,NJ
07002,Watch,53.75,562,Bayonne,NJ
11779,Watch,53.67,563,,
10501,Watch,53.59,564,,
07718,Watch,53.50,565,,
11765,Watch,53.42,566,,
08836,Watch,53.34,567,,
07512,Watch,53.26,568,Totowa,NJ
08089,Watch,53.17,569,,
08553,Watch,53.09,570,,
10588,Watch,53.01,571,,
08046,Watch,52.93,572,Willingboro Township,NJ
11510,Watch,52.84,573,,
10312,Watch,52.76,574,,
11709,Watch,52.68,575,,
19070,Watch,52.60,576,,
11563,Watch,52.51,577,Lynbrook Village,NY
11557,Watch,52.43,578,,
08052,Watch,52.35,579,Maple Shade Township,NJ
19001,Watch,52.27,580,,
10562,Watch,52.18,581,Ossining Village,NY
11940,Watch,52.10,582,,
07733,Watch,52.02,583,Holmdel Township,NJ
11735,Watch,51.94,584,,
10987,Watch,51.85,585,,
11776,Watch,51.77,586,,
10916,Watch,51.69,587,,
07757,Watch,51.61,588,Oceanport,NJ
07095,Watch,51.53,589,Woodbridge Township,NJ
11724,Watch,51.44,590,,
19085,Watch,51.36,591,,
08244,Watch,51.28,592,Somers Point,NJ
10560,Watch,51.20,593,,
11357,Watch,51.11,594,Whitestown Town,NY
11507,Watch,51.03,595,,
07208,Watch,50.95,596,Elizabeth,NJ
07440,Watch,50.87,597,Pequannock Township,NJ
19145,Watch,50.78,598,,
08346,Watch,50.70,599,,
07935,Watch,50.62,600,,
08753,Watch,50.54,601,Toms River Township,NJ
11208,Watch,50.45,602,,
19012,Watch,50.37,603,,
10520,Watch,50.29,604,Croton-on-Hudson Village,NY
10977,Watch,50.21,605,Spring Valley Village,NY
10965,Watch,50.12,606,,
19501,Watch,50.04,607,Adamstown,PA
11949,Watch,49.96,608,,
07621,Watch,49.88,609,Bergenfield,NJ
07424,Watch,49.79,610,Little Falls Township,NJ
08610,Watch,49.71,611,Trenton,NJ
10804,Watch,49.63,612,New Rochelle,NY
08312,Watch,49.55,613,Clayton,NJ
07110,Watch,49.46,614,Nutley Township,NJ
07836,Watch,49.38,615,,
08724,Watch,49.30,616,Brick Township,NJ
10514,Watch,49.22,617,,
10601,Watch,49.13,618,,
19352,Watch,49.05,619,,
11358,Watch,48.97,620,,
10968,Watch,48.89,621,Piermont Village,NY
07830,Watch,48.80,622,Califon,NJ
07764,Watch,48.72,623,West Long Branch,NJ
07662,Watch,48.64,624,Rochelle Park Township,NJ
07010,Watch,48.56,625,Cliffside Park,NJ
11741,Watch,48.47,626,,
11730,Watch,48.39,627,,
07628,Watch,48.31,628,Dumont,NJ
08889,Watch,48.23,629,,
07021,Watch,48.15,630,Essex Fells,NJ
10705,Watch,48.06,631,Yonkers,NY
08833,Watch,47.98,632,Lebanon Township,NJ
19007,Watch,47.90,633,Bristol Township,PA
11228,Watch,47.82,634,,
10963,Watch,47.73,635,,
10958,Watch,47.65,636,,
07931,Watch,47.57,637,Far Hills,NJ
07863,Watch,47.49,638,Oxford Township,NJ
07003,Watch,47.40,639,Bloomfield,NJ
07921,Watch,47.32,640,Bedminster Township,NJ
07922,Watch,47.24,641,Berkeley Heights Township,NJ
07607,Watch,47.16,642,Maywood,NJ
19473,Watch,47.07,643,,
11980,Watch,46.99,644,,
07828,Watch,46.91,645,,
11754,Watch,46.83,646,,
11756,Watch,46.74,647,,
10954,Watch,46.66,648,,
11001,Watch,46.58,649,Floral Park Village,NY
08215,Watch,46.50,650,Egg Harbor City,NJ
08322,Watch,46.41,651,,
07087,Watch,46.33,652,Union City,NJ
08234,Watch,46.25,653,Egg Harbor Township,NJ
08879,Watch,46.17,654,South Amboy,NJ
07028,Watch,46.08,655,Glen Ridge,NJ
08068,Watch,46.00,656,Pemberton Borough,NJ
08562,Watch,45.92,657,Hightstown,NJ
11704,Watch,45.84,658,,
08535,Watch,45.75,659,Milltown,NJ
07603,Watch,45.67,660,Bogota,NJ
07059,Watch,45.59,661,Warren Township,NJ
11716,Watch,45.51,662,,
08221,Watch,45.42,663,Linwood,NJ
11572,Watch,45.34,664,,
11205,Watch,45.26,665,,
10309,Watch,45.18,666,,
07644,Watch,45.09,667,Lodi,NJ
11795,Watch,45.01,668,,
11796,Watch,44.93,669,,
19081,Watch,44.85,670,Swarthmore,PA
19607,Watch,44.77,671,,
08904,Watch,44.68,672,Highland Park,NJ
11096,Watch,44.60,673,,
08084,Watch,44.52,674,Stratford,NJ
19330,Watch,44.44,675,,
11767,Watch,44.35,676,,
19605,Watch,44.27,677,,
08873,Watch,44.19,678,,
11725,Watch,44.11,679,,
10986,Watch,44.02,680,,
10709,Watch,43.94,681,Eastchester Town,NY
08501,Watch,43.86,682,Allentown,NJ
08004,Watch,43.78,683,,
07746,Watch,43.69,684,Marlboro Township,NJ
08853,Watch,43.61,685,,
10956,Watch,43.53,686,,
07452,Watch,43.45,687,Glen Rock,NJ
11423,Watch,43.36,688,,
19508,Watch,43.28,689,,
07838,Watch,43.20,690,,
10952,Watch,43.12,691,,
08026,Watch,43.03,692,Gibbsboro,NJ
08098,Watch,42.95,693,Woodstown,NJ
07013,Watch,42.87,694,Clifton,NJ
11743,Watch,42.79,695,Huntington Bay Village,NY
19543,Watch,42.70,696,,
11550,Watch,42.62,697,Hempstead Village,NY
08844,Watch,42.54,698,Hillsborough Township,NJ
08341,Watch,42.46,699,,
07762,Watch,42.37,700,Spring Lake,NJ
08326,Watch,42.29,701,,
11226,Watch,42.21,702,,
10532,Watch,42.13,703,,
07643,Watch,42.04,704,Little Ferry,NJ
07753,Watch,41.96,705,Neptune Township,NJ
11434,Watch,41.88,706,,
10570,Watch,41.80,707,Pleasantville Village,NY
07206,Watch,41.71,708,,
08097,Watch,41.63,709,Woodbury Heights,NJ
19040,Watch,41.55,710,,
08720,Watch,41.47,711,,
07046,Watch,41.38,712,Mountain Lakes,NJ
19474,Watch,41.30,713,,
07444,Watch,41.22,714,,
07417,Watch,41.14,715,Franklin Lakes,NJ
19148,Watch,41.06,716,,
08241,Watch,40.97,717,,
07755,Watch,40.89,718,Lakehurst,NJ
08317,Watch,40.81,719,,
07008,Watch,40.73,720,Carteret,NJ
07649,Watch,40.64,721,Oradell,NJ
11010,Watch,40.56,722,,
11558,Watch,40.48,723,,
19034,Watch,40.40,724,,
10983,Watch,40.31,725,,
10314,Watch,40.23,726,,
19344,Watch,40.15,727,,
11004,Watch,40.07,728,,
11727,Pass,39.98,729,,
10930,Pass,39.90,730,,
10960,Pass,39.82,731,,
07041,Pass,39.74,732,Millburn Township,NJ
07094,Pass,39.65,733,Secaucus,NJ
19475,Pass,39.57,734,,
10507,Pass,39.49,735,,
10923,Pass,39.41,736,,
07023,Pass,39.32,737,Fanwood,NJ
11803,Pass,39.24,738,,
11023,Pass,39.16,739,Great Neck Estates Village,NY
07405,Pass,39.08,740,Butler,NJ
08857,Pass,38.99,741,Old Bridge Township,NJ
07933,Pass,38.91,742,,
10914,Pass,38.83,743,Blooming Grove Town,NY
11385,Pass,38.75,744,,
07724,Pass,38.66,745,Eatontown,NJ
08830,Pass,38.58,746,,
11566,Pass,38.50,747,,
19437,Pass,38.42,748,,
11804,Pass,38.33,749,,
07980,Pass,38.25,750,,
11239,Pass,38.17,751,,
11210,Pass,38.09,752,,
08037,Pass,38.00,753,Hammonton,NJ
11363,Pass,37.92,754,,
11710,Pass,37.84,755,,
07657,Pass,37.76,756,Ridgefield,NJ
10304,Pass,37.68,757,,
08225,Pass,37.59,758,Northfield,NJ
07945,Pass,37.51,759,Mendham,NJ
11777,Pass,37.43,760,,
19506,Pass,37.35,761,,
08886,Pass,37.26,762,,
10913,Pass,37.18,763,,
07450,Pass,37.10,764,Ridgewood,NJ
07073,Pass,37.02,765,East Rutherford,NJ
07642,Pass,36.93,766,Hillsdale,NJ
07076,Pass,36.85,767,Scotch Plains Township,NJ
11223,Pass,36.77,768,,
07647,Pass,36.69,769,Northvale,NJ
08560,Pass,36.60,770,,
11786,Pass,36.52,771,,
07047,Pass,36.44,772,North Bergen Township,NJ
11432,Pass,36.36,773,,
11516,Pass,36.27,774,,
07676,Pass,36.19,775,Washington,NJ
11554,Pass,36.11,776,,
07924,Pass,36.03,777,Bernardsville,NJ
07738,Pass,35.94,778,,
11548,Pass,35.86,779,Greenville,NY
08854,Pass,35.78,780,Piscataway Township,NJ
07481,Pass,35.70,781,Wyckoff Township,NJ
11788,Pass,35.61,782,,
07981,Pass,35.53,783,,
07043,Pass,35.45,784,Montclair,NJ
11514,Pass,35.37,785,,
08852,Pass,35.28,786,,
11249,Pass,35.20,787,,
19520,Pass,35.12,788,,
08003,Pass,35.04,789,Cherry Hill Township,NJ
07203,Pass,34.95,790,Roselle,NJ
19021,Pass,34.87,791,,
08824,Pass,34.79,792,,
11216,Pass,34.71,793,,
08091,Pass,34.62,794,,
10901,Pass,34.54,795,,
08502,Pass,34.46,796,,
11731,Pass,34.38,797,,
08031,Pass,34.30,798,Bellmawr,NJ
08876,Pass,34.21,799,Somerville,NJ
07631,Pass,34.13,800,Englewood,NJ
08628,Pass,34.05,801,Trenton,NJ
19055,Pass,33.97,802,,
19066,Pass,33.88,803,,
11793,Pass,33.80,804,,
19114,Pass,33.72,805,,
08077,Pass,33.64,806,Riverton,NJ
19008,Pass,33.55,807,,
07069,Pass,33.47,808,Watchung,NJ
07430,Pass,33.39,809,Mahwah Township,NJ
08036,Pass,33.31,810,,
19053,Pass,33.22,811,,
11545,Pass,33.14,812,,
07722,Pass,33.06,813,Colts Neck Township,NJ
19465,Pass,32.98,814,Pottstown,PA
11365,Pass,32.89,815,,
07463,Pass,32.81,816,Waldwick,NJ
19525,Pass,32.73,817,,
19507,Pass,32.65,818,,
08620,Pass,32.56,819,Trenton,NJ
11021,Pass,32.48,820,Great Neck Estates Village,NY
07605,Pass,32.40,821,Leonia,NJ
11753,Pass,32.32,822,,
07645,Pass,32.23,823,Montvale,NJ
11101,Pass,32.15,824,,
07004,Pass,32.07,825,Garfield,NJ
19122,Pass,31.99,826,,
08085,Pass,31.90,827,Swedesboro,NJ
11746,Pass,31.82,828,,
07974,Pass,31.74,829,New Providence,NJ
11024,Pass,31.66,830,Great Neck Estates Village,NY
19456,Pass,31.57,831,,
07401,Pass,31.49,832,Allendale,NJ
07011,Pass,31.41,833,Clifton,NJ
08029,Pass,31.33,834,,
08032,Pass,31.24,835,,
07624,Pass,31.16,836,Closter,NJ
08361,Pass,31.08,837,Vineland,NJ
19567,Pass,31.00,838,Womelsdorf,PA
10607,Pass,30.92,839,,
07202,Pass,30.83,840,Elizabeth,NJ
08515,Pass,30.75,841,Chesterfield Township,NJ
19372,Pass,30.67,842,,
07675,Pass,30.59,843,Westwood,NJ
19539,Pass,30.50,844,,
08096,Pass,30.42,845,Deptford Township,NJ
19064,Pass,30.34,846,,
11714,Pass,30.26,847,,
08534,Pass,30.17,848,Pennington,NJ
11783,Pass,30.09,849,,
10984,Pass,30.01,850,,
08816,Pass,29.93,851,East Brunswick Township,NJ
07006,Pass,29.84,852,Caldwell,NJ
11791,Pass,29.76,853,,
19075,Pass,29.68,854,,
08088,Pass,29.60,855,,
11740,Pass,29.51,856,,
08618,Pass,29.43,857,Trenton,NJ
08302,Pass,29.35,858,Bridgeton,NJ
10530,Pass,29.27,859,,
19425,Pass,29.18,860,,
19503,Pass,29.10,861,,
08859,Pass,29.02,862,,
19540,Pass,28.94,863,,
11379,Pass,28.85,864,Middleport Village,NY
10009,Pass,28.77,865,New York,NY
19363,Pass,28.69,866,,
11237,Pass,28.61,867,,
10801,Pass,28.52,868,New Rochelle,NY
08807,Pass,28.44,869,Bridgewater Township,NJ
08638,Pass,28.36,870,Trenton,NJ
19362,Pass,28.28,871,,
07068,Pass,28.19,872,Roseland,NJ
10039,Pass,28.11,873,New York,NY
19018,Pass,28.03,874,,
07012,Pass,27.95,875,Clifton,NJ
19086,Pass,27.86,876,,
11771,Pass,27.78,877,Oyster Bay Cove Village,NY
10606,Pass,27.70,878,,
10707,Pass,27.62,879,Tuckahoe Village,NY
08512,Pass,27.54,880,Cranbury Township,NJ
10970,Pass,27.45,881,,
10710,Pass,27.37,882,Yonkers,NY
07751,Pass,27.29,883,Manville,NJ
08822,Pass,27.21,884,Flemington,NJ
07648,Pass,27.12,885,Norwood,NJ
08817,Pass,27.04,886,Edison Township,NJ
07044,Pass,26.96,887,Verona,NJ
08041,Pass,26.88,888,,
19057,Pass,26.79,889,,
19606,Pass,26.71,890,,
07656,Pass,26.63,891,Park Ridge,NJ
19310,Pass,26.55,892,,
11559,Pass,26.46,893,,
08057,Pass,26.38,894,Moorestown Township,NJ
07036,Pass,26.30,895,Linden,NJ
10035,Pass,26.22,896,New York,NY
11020,Pass,26.13,897,Great Neck Estates Village,NY
07652,Pass,26.05,898,Paramus,NJ
08010,Pass,25.97,899,Beverly,NJ
07661,Pass,25.89,900,River Edge,NJ
11797,Pass,25.80,901,Woodbury Town,NY
11596,Pass,25.72,902,,
19512,Pass,25.64,903,,
11560,Pass,25.56,904,,
07712,Pass,25.47,905,Asbury Park,NJ
19560,Pass,25.39,906,,
07646,Pass,25.31,907,New Milford,NJ
19608,Pass,25.23,908,,
19154,Pass,25.14,909,,
07716,Pass,25.06,910,Atlantic Highlands,NJ
19127,Pass,24.98,911,,
10027,Pass,24.90,912,New York,NY
08353,Pass,24.81,913,,
07677,Pass,24.73,914,Woodcliff Lake,NJ
11801,Pass,24.65,915,,
10594,Pass,24.57,916,,
07726,Pass,24.48,917,Englishtown,NJ
10538,Pass,24.40,918,Larchmont Village,NY
08035,Pass,24.32,919,Haddon Heights,NJ
11755,Pass,24.24,920,,
11787,Pass,24.15,921,,
08055,Pass,24.07,922,Medford Township,NJ
08527,Pass,23.99,923,Jackson Township,NJ
07704,Pass,23.91,924,Fair Haven,NJ
08019,Pass,23.83,925,Haworth,NJ
07739,Pass,23.74,926,Little Silver,NJ
07307,Pass,23.66,927,Jersey City,NJ
10918,Pass,23.58,928,Chester Town,NY
11218,Pass,23.50,929,,
08520,Pass,23.41,930,Hightstown,NJ
10605,Pass,23.33,931,,
07630,Pass,23.25,932,Emerson,NJ
10962,Pass,23.17,933,,
08020,Pass,23.08,934,,
11762,Pass,23.00,935,,
08201,Pass,22.92,936,Absecon,NJ
11547,Pass,22.84,937,,
07748,Pass,22.75,938,Middletown Township,NJ
08009,Pass,22.67,939,Berlin,NJ
19041,Pass,22.59,940,,
07508,Pass,22.51,941,Haledon,NJ
19541,Pass,22.42,942,,
08061,Pass,22.34,943,,
08837,Pass,22.26,944,Edison Township,NJ
07009,Pass,22.18,945,Cedar Grove Township,NJ
07458,Pass,22.09,946,Saddle River,NJ
19505,Pass,22.01,947,,
08510,Pass,21.93,948,Milltown,NJ
07065,Pass,21.85,949,Rahway,NJ
19444,Pass,21.76,950,,
10029,Pass,21.68,951,New York,NY
19025,Pass,21.60,952,,
07934,Pass,21.52,953,,
19319,Pass,21.43,954,,
07640,Pass,21.35,955,Harrington Park,NJ
08007,Pass,21.27,956,Barrington,NJ
11758,Pass,21.19,957,,
11222,Pass,21.10,958,,
07092,Pass,21.02,959,Mountainside,NJ
19464,Pass,20.94,960,Pottstown,PA
19555,Pass,20.86,961,,
11705,Pass,20.77,962,,
07027,Pass,20.69,963,Garwood,NJ
10026,Pass,20.61,964,New York,NY
11766,Pass,20.53,965,,
11040,Pass,20.45,966,,
19611,Pass,20.36,967,,
07927,Pass,20.28,968,,
10549,Pass,20.20,969,,
07052,Pass,20.12,970,West Orange,NJ
08742,Pass,20.03,971,Point Pleasant Beach,NJ
08619,Pass,19.95,972,Trenton,NJ
11552,Pass,19.87,973,,
19152,Pass,19.79,974,,
19054,Pass,19.70,975,,
11732,Pass,19.62,976,,
19320,Pass,19.54,977,,
08902,Pass,19.46,978,North Brunswick Township,NJ
08340,Pass,19.37,979,,
07071,Pass,19.29,980,Lyndhurst Township,NJ
08075,Pass,19.21,981,Riverside Township,NJ
19312,Pass,19.13,982,,
19373,Pass,19.04,983,,
10510,Pass,18.96,984,Briarcliff Manor Village,NY
07626,Pass,18.88,985,Cresskill,NJ
11590,Pass,18.80,986,,
19492,Pass,18.71,987,,
11576,Pass,18.63,988,,
08511,Pass,18.55,989,,
10708,Pass,18.47,990,Bronxville Village,NY
07066,Pass,18.38,991,Clark Township,NJ
11211,Pass,18.30,992,,
10012,Pass,18.22,993,New York,NY
07045,Pass,18.14,994,Montville Township,NJ
07731,Pass,18.05,995,Howell Township,NJ
07702,Pass,17.97,996,Shrewsbury,NJ
19038,Pass,17.89,997,,
07058,Pass,17.81,998,,
08056,Pass,17.72,999,,
07869,Pass,17.64,1000,Randolph Township,NJ
19609,Pass,17.56,1001,,
11375,Pass,17.48,1002,,
07075,Pass,17.39,1003,Wood-Ridge,NJ
19031,Pass,17.31,1004,,
19518,Pass,17.23,1005,,
11238,Pass,17.15,1006,,
19061,Pass,17.07,1007,,
19311,Pass,16.98,1008,,
07016,Pass,16.90,1009,Cranford Township,NJ
07920,Pass,16.82,1010,,
07432,Pass,16.74,1011,Midland Park,NJ
19060,Pass,16.65,1012,,
08360,Pass,16.57,1013,Vineland,NJ
11955,Pass,16.49,1014,,
19438,Pass,16.41,1015,,
08081,Pass,16.32,1016,,
10803,Pass,16.24,1017,Pelham Village,NY
19526,Pass,16.16,1018,,
07701,Pass,16.08,1019,Red Bank,NJ
07728,Pass,15.99,1020,Freehold Borough,NJ
19562,Pass,15.91,1021,,
11598,Pass,15.83,1022,,
11530,Pass,15.75,1023,Garden City Village,NY
19565,Pass,15.66,1024,,
19090,Pass,15.58,1025,,
08016,Pass,15.50,1026,Burlington Township,NJ
19030,Pass,15.42,1027,,
07882,Pass,15.33,1028,Washington,NJ
19401,Pass,15.25,1029,Norristown,PA
19551,Pass,15.17,1030,,
10969,Pass,15.09,1031,,
19044,Pass,15.00,1032,,
10021,Pass,14.92,1033,New York,NY
19035,Pass,14.84,1034,,
19510,Pass,14.76,1035,,
07055,Pass,14.67,1036,Passaic,NJ
19343,Pass,14.59,1037,,
07650,Pass,14.51,1038,Palisades Park,NJ
19026,Pass,14.43,1039,,
07040,Pass,14.34,1040,Maplewood Township,NJ
19095,Pass,14.26,1041,,
10919,Pass,14.18,1042,,
08840,Pass,14.10,1043,Metuchen,NJ
10994,Pass,14.01,1044,,
07936,Pass,13.93,1045,East Hanover Township,NJ
10002,Pass,13.85,1046,New York,NY
07940,Pass,13.77,1047,Madison,NJ
11230,Pass,13.69,1048,,
10924,Pass,13.60,1049,Goshen Town,NY
19083,Pass,13.52,1050,,
11561,Pass,13.44,1051,Long Beach,NY
10280,Pass,13.36,1052,New York,NY
07747,Pass,13.27,1053,Matawan,NJ
19072,Pass,13.19,1054,,
19522,Pass,13.11,1055,,
19533,Pass,13.03,1056,,
08022,Pass,12.94,1057,,
07976,Pass,12.86,1058,,
07932,Pass,12.78,1059,Florham Park,NJ
07081,Pass,12.70,1060,,
11215,Pass,12.61,1061,,
07410,Pass,12.53,1062,Fair Lawn,NJ
19056,Pass,12.45,1063,,
07039,Pass,12.37,1064,Livingston Township,NJ
08048,Pass,12.28,1065,Lumberton Township,NJ
10022,Pass,12.20,1066,New York,NY
07627,Pass,12.12,1067,Demarest,NJ
08536,Pass,12.04,1068,Plainsboro Township,NJ
07901,Pass,11.95,1069,Summit,NJ
10573,Pass,11.87,1070,Port Chester Village,NY
07740,Pass,11.79,1071,Long Branch,NJ
07928,Pass,11.71,1072,Chatham,NJ
10990,Pass,11.62,1073,,
19125,Pass,11.54,1074,,
07960,Pass,11.46,1075,Morristown,NJ
10044,Pass,11.38,1076,New York,NY
08080,Pass,11.29,1077,,
07070,Pass,11.21,1078,Rutherford,NJ
10006,Pass,11.13,1079,New York,NY
11217,Pass,11.05,1080,,
08820,Pass,10.96,1081,Edison Township,NJ
07090,Pass,10.88,1082,Westfield,NJ
19116,Pass,10.80,1083,,
07823,Pass,10.72,1084,Belvidere,NJ
19342,Pass,10.63,1085,,
10706,Pass,10.55,1086,Hastings-on-Hudson Village,NY
19454,Pass,10.47,1087,,
10505,Pass,10.39,1088,,
19403,Pass,10.31,1089,Norristown,PA
19129,Pass,10.22,1090,,
08550,Pass,10.14,1091,,
08690,Pass,10.06,1092,Trenton,NJ
19610,Pass,9.98,1093,,
10013,Pass,9.89,1094,New York,NY
19146,Pass,9.81,1095,,
08865,Pass,9.73,1096,Phillipsburg,NJ
19128,Pass,9.65,1097,,
08106,Pass,9.56,1098,Audubon,NJ
10522,Pass,9.48,1099,Dobbs Ferry Village,NY
10922,Pass,9.40,1100,,
07078,Pass,9.32,1101,,
10065,Pass,9.23,1102,New York,NY
10591,Pass,9.15,1103,Tarrytown Village,NY
07670,Pass,9.07,1104,Tenafly,NJ
19440,Pass,8.99,1105,,
19119,Pass,8.90,1106,,
07054,Pass,8.82,1107,Parsippany-Troy Hills Township,NJ
19428,Pass,8.74,1108,West Conshohocken,PA
08028,Pass,8.66,1109,Glassboro,NJ
11570,Pass,8.57,1110,Rockville Centre Village,NY
08691,Pass,8.49,1111,Trenton,NJ
08107,Pass,8.41,1112,Oaklyn,NJ
07310,Pass,8.33,1113,Jersey City,NJ
10950,Pass,8.24,1114,Monroe Village,NY
19317,Pass,8.16,1115,,
10543,Pass,8.08,1116,Mamaroneck Town,NY
07079,Pass,8.00,1117,South Orange Village,NJ
11050,Pass,7.91,1118,Port Washington,NY
19107,Pass,7.83,1119,,
07042,Pass,7.75,1120,Montclair,NJ
19147,Pass,7.67,1121,,
08021,Pass,7.58,1122,Clementon,NJ
11209,Pass,7.50,1123,,
19003,Pass,7.42,1124,,
19301,Pass,7.34,1125,,
19046,Pass,7.25,1126,,
10017,Pass,7.17,1127,New York,NY
19027,Pass,7.09,1128,,
07470,Pass,7.01,1129,Wayne Township,NJ
10128,Pass,6.92,1130,New York,NY
10583,Pass,6.84,1131,Scarsdale Village,NY
19067,Pass,6.76,1132,,
07840,Pass,6.68,1133,Hackettstown,NJ
19073,Pass,6.60,1134,,
08648,Pass,6.51,1135,,
19006,Pass,6.43,1136,,
19422,Pass,6.35,1137,,
11231,Pass,6.27,1138,,
10028,Pass,6.18,1139,New York,NY
08012,Pass,6.10,1140,Lakewood Township,NJ
19426,Pass,6.02,1141,Collegeville,PA
19063,Pass,5.94,1142,,
10019,Pass,5.85,1143,New York,NY
10454,Pass,5.77,1144,,
10075,Pass,5.69,1145,New York,NY
19115,Pass,5.61,1146,,
19020,Pass,5.52,1147,,
10024,Pass,5.44,1148,New York,NY
10016,Pass,5.36,1149,New York,NY
10604,Pass,5.28,1150,,
10940,Pass,5.19,1151,Middletown,NY
19406,Pass,5.11,1152,,
11542,Pass,5.03,1153,Glen Cove,NY
10069,Pass,4.95,1154,New York,NY
07666,Pass,4.86,1155,Teaneck Township,NJ
10007,Pass,4.78,1156,New York,NY
07020,Pass,4.70,1157,Edgewater,NJ
10580,Pass,4.62,1158,Rye,NY
11206,Pass,4.53,1159,,
10282,Pass,4.45,1160,New York,NY
08060,Pass,4.37,1161,Mount Holly Township,NJ
08002,Pass,4.29,1162,Cherry Hill Township,NJ
10004,Pass,4.20,1163,New York,NY
11501,Pass,4.12,1164,,
19002,Pass,4.04,1165,,
19468,Pass,3.96,1166,Royersford,PA
07302,Pass,3.87,1167,Jersey City,NJ
19096,Pass,3.79,1168,,
10011,Pass,3.71,1169,New York,NY
19102,Pass,3.63,1170,,
10025,Pass,3.54,1171,New York,NY
19380,Pass,3.46,1172,West Manchester Township,PA
10010,Pass,3.38,1173,New York,NY
07086,Pass,3.30,1174,Weehawken Township,NJ
08033,Pass,3.22,1175,Haddonfield,NJ
10005,Pass,3.13,1176,New York,NY
19446,Pass,3.05,1177,Lansdale,PA
08043,Pass,2.97,1178,Voorhees Township,NJ
19462,Pass,2.89,1179,,
10036,Pass,2.80,1180,New York,NY
19335,Pass,2.72,1181,,
19382,Pass,2.64,1182,West Manchester Township,PA
08505,Pass,2.56,1183,Bordentown Township,NJ
08034,Pass,2.47,1184,Cherry Hill Township,NJ
19103,Pass,2.39,1185,,
10003,Pass,2.31,1186,New York,NY
19348,Pass,2.23,1187,,
07030,Pass,2.14,1188,Hoboken,NJ
19460,Pass,2.06,1189,,
08054,Pass,1.98,1190,Mount Laurel Township,NJ
19123,Pass,1.90,1191,,
08108,Pass,1.81,1192,Collingswood,NJ
07950,Pass,1.73,1193,Morris Plains,NJ
08332,Pass,1.65,1194,Millville,NJ
19130,Pass,1.57,1195,,
10001,Pass,1.48,1196,New York,NY
10941,Pass,1.40,1197,Middletown,NY
08053,Pass,1.32,1198,,
10014,Pass,1.24,1199,New York,NY
19047,Pass,1.15,1200,Langhorne Borough,PA
19341,Pass,1.07,1201,,
19118,Pass,0.99,1202,,
10023,Pass,0.91,1203,New York,NY
08540,Pass,0.82,1204,Princeton,NJ
19004,Pass,0.74,1205,,
11201,Pass,0.66,1206,,
19355,Pass,0.58,1207,Malvern,PA
19010,Pass,0.49,1208,,
19106,Pass,0.41,1209,,
10528,Pass,0.33,1210,Harrison Town,NY
19333,Pass,0.25,1211,,
19087,Pass,0.16,1212,Wayne Township,PA
10018,Pass,0.08,1213,New York,NY
